{"accuracy": 0.8024193548387096, "specificity": 0.7952755905511811, "sensitivity": 0.8099173553719008}